capture_order,priority_tier,list_rank,brand,product_id,handle,title,product_type,category_guess,unit_basis,storefront_url,storefront_sku,ocr_candidate,ocr_candidate_rule,photo_stem,capture_status,capture_date,shop,captured_by,product_name_as_printed,shade_as_printed,item_number_as_printed,barcode_digits,barcode_source,sold_with_carton,net_contents_as_printed,net_contents_location,pack_count,form_as_seen,origin_line_as_printed,photo_front,photo_net_contents,photo_barcode,photo_other,ocr_candidate_confirmed,notes
1,1,2,ColourPop,7569522557010,dinner-date-so-juicy-plumping-gloss-balm,Dinner Date,So Juicy Plumping Gloss Balm with Peptides,lip_gloss,volume,https://colourpop.com/products/dinner-date-so-juicy-plumping-gloss-balm,SoJuicyStick-DinnerDate,,,002_colourpop_dinner-date-so-juicy-plumping-gloss-balm,,,,,,,,,,,,,,,,,,,,,
2,1,3,ColourPop,7494884655186,storm-cloud-cloud-whip-liquid-lipstick,Storm Cloud,Cloud Whip Blurring Liquid Lipstick,liquid_lipstick,volume,https://colourpop.com/products/storm-cloud-cloud-whip-liquid-lipstick,CloudLiquidLipstick-StormCloud,,,003_colourpop_storm-cloud-cloud-whip-liquid-lipstick,,,,,,,,,,,,,,,,,,,,,
3,1,4,ColourPop,7574416097362,pink-perfection-jelly-much-eyeshadow-stick,Pink Perfection,Jelly Much Eyeshadow Stick,eyeshadow_single,weight,https://colourpop.com/products/pink-perfection-jelly-much-eyeshadow-stick,JellyEyeshadowStick-PinkPerfection,,,004_colourpop_pink-perfection-jelly-much-eyeshadow-stick,,,,,,,,,,,,,,,,,,,,,
4,1,5,ColourPop,7494888456274,cuter-than-cupid-super-shock-blush,Cuter than Cupid,Super Shock Blush,powder_blush,weight,https://colourpop.com/products/cuter-than-cupid-super-shock-blush,SSBlush-CuterThanCupid,SUPER SHOCK BLUSH NET WT. 7.65g (0.27oz),primary,005_colourpop_cuter-than-cupid-super-shock-blush,,,,,,,,,,,,,,,,,,,,,
5,1,8,ColourPop,7494887342162,brunette-brow-boss-pencil,Brunette,Brow Boss Pencil,brow,form_dependent,https://colourpop.com/products/brunette-brow-boss-pencil,BrowBossPencil-Brunette1,,,008_colourpop_brunette-brow-boss-pencil,,,,,,,,,,,,,,,,,,,,,
6,1,9,ColourPop,7556522475602,corral-beach-liquid-bronzer,Corral Beach,Liquid Bronzer,bronzer,weight,https://colourpop.com/products/corral-beach-liquid-bronzer,LiquidBronzer-CorralBeach,,,009_colourpop_corral-beach-liquid-bronzer,,,,,,,,,,,,,,,,,,,,,
7,1,11,ColourPop,7586234564690,clearly-cute-ph-lip-balm,Clearly Cute,pH Lip Balm,lipstick,weight,https://colourpop.com/products/clearly-cute-ph-lip-balm,PHLipBalm-ClearlyCute,,,011_colourpop_clearly-cute-ph-lip-balm,,,,,,,,,,,,,,,,,,,,,
8,1,13,ColourPop,7587815850066,keeping-it-real-lip-gloss-keychain,Keeping It Real,Lip Gloss,lip_gloss,volume,https://colourpop.com/products/keeping-it-real-lip-gloss-keychain,LipGlossKeychain-KeepingItReal,,,013_colourpop_keeping-it-real-lip-gloss-keychain,,,,,,,,,,,,,,,,,,,,,
9,1,14,ColourPop,7494878265426,skys-the-limit-cloud-whip-liquid-lipstick,Sky's the Limit,Cloud Whip Blurring Liquid Lipstick,liquid_lipstick,volume,https://colourpop.com/products/skys-the-limit-cloud-whip-liquid-lipstick,CloudLiquidLipstick-SkystheLimit,,,014_colourpop_skys-the-limit-cloud-whip-liquid-lipstick,,,,,,,,,,,,,,,,,,,,,
10,1,15,ColourPop,7575376461906,pink-icing-super-shock-shadow,Pink Icing,Super Shock Shadow,eyeshadow_single,weight,https://colourpop.com/products/pink-icing-super-shock-shadow,SSShadow-PinkIcing,,,015_colourpop_pink-icing-super-shock-shadow,,,,,,,,,,,,,,,,,,,,,
11,1,18,ColourPop,7142098311,dope-taupe-pencil,Dope Taupe Pencil,Brow Pencil,brow,form_dependent,https://colourpop.com/products/dope-taupe-pencil,BrowPencil-DopeTaupe,,,018_colourpop_dope-taupe-pencil,,,,,,,,,,,,,,,,,,,,,
12,1,19,ColourPop,7556521721938,sunset-beach-liquid-bronzer,Sunset Beach,Liquid Bronzer,bronzer,weight,https://colourpop.com/products/sunset-beach-liquid-bronzer,LiquidBronzer-SunsetBeach,,,019_colourpop_sunset-beach-liquid-bronzer,,,,,,,,,,,,,,,,,,,,,
13,1,21,ColourPop,7586234597458,pink-mood-ph-lip-balm,Pink Mood,pH Lip Balm,lipstick,weight,https://colourpop.com/products/pink-mood-ph-lip-balm,PHLipBalm-PinkMood,,,021_colourpop_pink-mood-ph-lip-balm,,,,,,,,,,,,,,,,,,,,,
14,1,23,ColourPop,7569523540050,imo-so-juicy-plumping-gloss-balm,IMO,So Juicy Plumping Gloss Balm with Peptides,lip_gloss,volume,https://colourpop.com/products/imo-so-juicy-plumping-gloss-balm,SoJuicyStick-IMO,,,023_colourpop_imo-so-juicy-plumping-gloss-balm,,,,,,,,,,,,,,,,,,,,,
15,1,24,ColourPop,7494884032594,pretty-aura-cloud-whip-liquid-lipstick,Pretty Aura,Cloud Whip Blurring Liquid Lipstick,liquid_lipstick,volume,https://colourpop.com/products/pretty-aura-cloud-whip-liquid-lipstick,CloudLiquidLipstick-PrettyAura,,,024_colourpop_pretty-aura-cloud-whip-liquid-lipstick,,,,,,,,,,,,,,,,,,,,,
16,1,25,ColourPop,7494888030290,love-at-first-swipe-shadow-stix,Love At First Swipe,Shadow Stix,eyeshadow_single,weight,https://colourpop.com/products/love-at-first-swipe-shadow-stix,Kit-LoveAtFirstSwipe,,,025_colourpop_love-at-first-swipe-shadow-stix,,,,,,,,,,,,,,,,,,,,,
17,1,28,ColourPop,7494887440466,ash-brown-brow-boss-pencil,Ash Brown,Brow Boss Pencil,brow,form_dependent,https://colourpop.com/products/ash-brown-brow-boss-pencil,BrowBossPencil-AshBrown1,,,028_colourpop_ash-brown-brow-boss-pencil,,,,,,,,,,,,,,,,,,,,,
18,1,29,ColourPop,7556523196498,sands-beach-liquid-bronzer,Sands Beach,Liquid Bronzer,bronzer,weight,https://colourpop.com/products/sands-beach-liquid-bronzer,LiquidBronzer-SandsBeach,,,029_colourpop_sands-beach-liquid-bronzer,,,,,,,,,,,,,,,,,,,,,
19,1,30,ColourPop,7576521834578,dnd-hyper-shine-glossy-lipstick,DND,Hyper Shine Glossy Lipstick,lipstick,weight,https://colourpop.com/products/dnd-hyper-shine-glossy-lipstick,HSGlossyLipstick-DND,,,030_colourpop_dnd-hyper-shine-glossy-lipstick,,,,,,,,,,,,,,,,,,,,,
20,1,32,ColourPop,7569523605586,made-for-me-so-juicy-plumping-gloss-balm,Made For Me,So Juicy Plumping Gloss Balm with Peptides,lip_gloss,volume,https://colourpop.com/products/made-for-me-so-juicy-plumping-gloss-balm,SoJuicyStick-MadeForMe,,,032_colourpop_made-for-me-so-juicy-plumping-gloss-balm,,,,,,,,,,,,,,,,,,,,,
21,1,33,ColourPop,7494883147858,so-dreamy-cloud-whip-liquid-lipstick,So Dreamy,Cloud Whip Blurring Liquid Lipstick,liquid_lipstick,volume,https://colourpop.com/products/so-dreamy-cloud-whip-liquid-lipstick,CloudLiquidLipstick-SoDreamy,,,033_colourpop_so-dreamy-cloud-whip-liquid-lipstick,,,,,,,,,,,,,,,,,,,,,
22,1,34,ColourPop,7593244262482,jolteon-shadow-stix,Jolteon,Shadow Stix,eyeshadow_single,weight,https://colourpop.com/products/jolteon-shadow-stix,ShadowStix-Jolteon,,,034_colourpop_jolteon-shadow-stix,,,,,,,,,,,,,,,,,,,,,
23,1,37,ColourPop,7141962439,black-n-brown-pencil,Black N' Brown Pencil,Brow Pencil,brow,form_dependent,https://colourpop.com/products/black-n-brown-pencil,BrowPencil-BlackNBrown,,,037_colourpop_black-n-brown-pencil,,,,,,,,,,,,,,,,,,,,,
24,1,38,ColourPop,7556523524178,surfrider-beach-liquid-bronzer,Surfrider Beach,Liquid Bronzer,bronzer,weight,https://colourpop.com/products/surfrider-beach-liquid-bronzer,LiquidBronzer-SurfriderBeach,,,038_colourpop_surfrider-beach-liquid-bronzer,,,,,,,,,,,,,,,,,,,,,
25,1,39,ColourPop,7576521179218,airport-crush-hyper-shine-glossy-lipstick,Airport Crush,Hyper Shine Glossy Lipstick,lipstick,weight,https://colourpop.com/products/airport-crush-hyper-shine-glossy-lipstick,HSGlossyLipstick-AirportCrush,,,039_colourpop_airport-crush-hyper-shine-glossy-lipstick,,,,,,,,,,,,,,,,,,,,,
26,1,41,ColourPop,7587820535890,secret-superstar-lip-gloss-keychain,Secret Superstar,Lip Gloss,lip_gloss,volume,https://colourpop.com/products/secret-superstar-lip-gloss-keychain,LipGlossKeychain-SecretSuperstar,,,041_colourpop_secret-superstar-lip-gloss-keychain,,,,,,,,,,,,,,,,,,,,,
27,1,42,ColourPop,7494879150162,cloudy-hour-cloud-whip-liquid-lipstick,Cloudy Hour,Cloud Whip Blurring Liquid Lipstick,liquid_lipstick,volume,https://colourpop.com/products/cloudy-hour-cloud-whip-liquid-lipstick,CloudLiquidLipstick-CloudyHour,,,042_colourpop_cloudy-hour-cloud-whip-liquid-lipstick,,,,,,,,,,,,,,,,,,,,,
28,1,43,ColourPop,7593244098642,flareon-shadow-stix,Flareon,Shadow Stix,eyeshadow_single,weight,https://colourpop.com/products/flareon-shadow-stix,ShadowStix-Flareon,,,043_colourpop_flareon-shadow-stix,,,,,,,,,,,,,,,,,,,,,
29,1,46,ColourPop,7494887276626,light-brown-brow-boss-pencil,Light Brown,Brow Boss Pencil,brow,form_dependent,https://colourpop.com/products/light-brown-brow-boss-pencil,BrowBossPencil-LightBrown1,,,046_colourpop_light-brown-brow-boss-pencil,,,,,,,,,,,,,,,,,,,,,
30,1,47,ColourPop,7556514086994,west-beach-liquid-bronzer,West Beach,Liquid Bronzer,bronzer,weight,https://colourpop.com/products/west-beach-liquid-bronzer,LiquidBronzer-WestBeach,,,047_colourpop_west-beach-liquid-bronzer,,,,,,,,,,,,,,,,,,,,,
31,1,48,ColourPop,7292197732434,transform-ph-lip-balm,Transform,pH Lip Balm,lipstick,weight,https://colourpop.com/products/transform-ph-lip-balm,PHLipstick-Transform,,,048_colourpop_transform-ph-lip-balm,,,,,,,,,,,,,,,,,,,,,
32,1,50,ColourPop,7569523507282,heart-cake-so-juicy-plumping-gloss-balm,Heart Cake,So Juicy Plumping Gloss Balm with Peptides,lip_gloss,volume,https://colourpop.com/products/heart-cake-so-juicy-plumping-gloss-balm,SoJuicyStick-HeartCake,,,050_colourpop_heart-cake-so-juicy-plumping-gloss-balm,,,,,,,,,,,,,,,,,,,,,
33,1,53,Essence,7426663186498,its-bubble-gum-fun-bouncy-blush,it's Bubble Gum fun bouncy blush,blush,powder_blush,weight,https://essencemakeup.com/products/its-bubble-gum-fun-bouncy-blush,9484250001,4.7g/Net Wt. 0.16 oz.,primary,053_essence_its-bubble-gum-fun-bouncy-blush,,,,,,,,,,,,,,,,,,,,,
34,1,60,Essence,6670858780738,eyebrow-designer,eyebrow designer,eye,brow,form_dependent,https://essencemakeup.com/products/eyebrow-designer,5200590001|8498860001|9228290001,,,060_essence_eyebrow-designer,,,,,,,,,,,,,,,,,,,,,
35,1,61,Essence,8274296930370,ciao-lip-balm,Ciao! lip balm,lip,lipstick,weight,https://essencemakeup.com/products/ciao-lip-balm,9622400001,,,061_essence_ciao-lip-balm,,,,,,,,,,,,,,,,,,,,,
36,1,62,Essence,7386168164418,baby-got-bronze-liquid-bronzer,BABY GOT BRONZE liquid bronzer,face,bronzer,weight,https://essencemakeup.com/products/baby-got-bronze-liquid-bronzer,9447410001|9447430001|9491210001|9466220001|9491230001,,,062_essence_baby-got-bronze-liquid-bronzer,,,,,,,,,,,,,,,,,,,,,
37,1,63,Essence,8231402078274,mono-eyeshadow-glitter,mono eyeshadow glitter,eye,eyeshadow_single,weight,https://essencemakeup.com/products/mono-eyeshadow-glitter,9583520001|9583570001,,,063_essence_mono-eyeshadow-glitter,,,,,,,,,,,,,,,,,,,,,
38,1,64,Essence,7474601295938,birthday-bomb-shiny-lipgloss,BIRTHDAY BOMB shiny lipgloss,lip,lip_gloss,volume,https://essencemakeup.com/products/birthday-bomb-shiny-lipgloss,9518610001,,,064_essence_birthday-bomb-shiny-lipgloss,,,,,,,,,,,,,,,,,,,,,
39,1,65,Essence,7274166386754,natural-matte-mousse-foundation,NATURAL MATTE MOUSSE FOUNDATION,face,foundation,volume,https://essencemakeup.com/products/natural-matte-mousse-foundation,9394330001|9394340001|9394350001|9394360001|9394380001|9394400001|+4 more,,,065_essence_natural-matte-mousse-foundation,,,,,,,,,,,,,,,,,,,,,
40,1,71,Essence,6874107412546,baby-got-blush,Baby Got Blush,face,powder_blush,weight,https://essencemakeup.com/products/baby-got-blush,9381010001|9381020001|9381030001|9491270001|9490280001,,,071_essence_baby-got-blush,,,,,,,,,,,,,,,,,,,,,
41,1,78,Essence,7045298028610,brow-former,Brow Former,eye,brow,form_dependent,https://essencemakeup.com/products/brow-former,9421480001,,,078_essence_brow-former,,,,,,,,,,,,,,,,,,,,,
42,1,79,Essence,8311636656194,club-soleil-lip-stain,club SOLEIL lip stain,lip,lipstick,weight,https://essencemakeup.com/products/club-soleil-lip-stain,9626030001,,,079_essence_club-soleil-lip-stain,,,,,,,,,,,,,,,,,,,,,
43,1,80,Essence,7387300855874,drop-of-sunshine-bronzing-drops,DROP OF sunshine BRONZING DROPS,face,bronzer,weight,https://essencemakeup.com/products/drop-of-sunshine-bronzing-drops,9490560001,,,080_essence_drop-of-sunshine-bronzing-drops,,,,,,,,,,,,,,,,,,,,,
44,1,81,Essence,7386904920130,prime-like-a-pro-eyeshadow-base,PRIME LIKE A PRO EYESHADOW BASE,eye,eyeshadow_single,weight,https://essencemakeup.com/products/prime-like-a-pro-eyeshadow-base,9485940001,,,081_essence_prime-like-a-pro-eyeshadow-base,,,,,,,,,,,,,,,,,,,,,
45,1,82,Essence,6683394900034,extreme-shine-volume-lipgloss,extreme shine lipgloss,lip,lip_gloss,volume,https://essencemakeup.com/products/extreme-shine-volume-lipgloss,9302800100|9302890100|9302810100|9302850100|9302870200|9302880100|+7 more,,,082_essence_extreme-shine-volume-lipgloss,,,,,,,,,,,,,,,,,,,,,
46,1,83,Essence,7471525560386,foundation-stick,FOUNDATION stick,face,foundation,volume,https://essencemakeup.com/products/foundation-stick,9517170001|9517190001|9517210001|9517230001|9517250001|9517270001|+37 more,,,083_essence_foundation-stick,,,,,,,,,,,,,,,,,,,,,
47,1,89,Essence,8268617482306,ciao-blushlighter,Ciao! blushlighter,blush,powder_blush,weight,https://essencemakeup.com/products/ciao-blushlighter,9622370001,,,089_essence_ciao-blushlighter,,,,,,,,,,,,,,,,,,,,,
48,1,95,Essence,8249350520898,the-game-edit-fix-freeze-brow-gel,THE game EDIT fix & freeze brow gel,eye,brow,form_dependent,https://essencemakeup.com/products/the-game-edit-fix-freeze-brow-gel,9597320001,,,095_essence_the-game-edit-fix-freeze-brow-gel,,,,,,,,,,,,,,,,,,,,,
49,1,96,Essence,7601703977026,hydra-kiss-lip-tint,hydra kiss LIP TINT,lip,lipstick,weight,https://essencemakeup.com/products/hydra-kiss-lip-tint,9542860001|9542880001|9542900001|9542920001|9542940001|9542970001|+2 more,,,096_essence_hydra-kiss-lip-tint,,,,,,,,,,,,,,,,,,,,,
50,1,97,Essence,7605335523394,soft-touch-butter-bronzer,soft TOUCH BUTTER BRONZER,face,bronzer,weight,https://essencemakeup.com/products/soft-touch-butter-bronzer,9542560001|9546870001|9546890001|9546910001,,,097_essence_soft-touch-butter-bronzer,,,,,,,,,,,,,,,,,,,,,
51,1,98,Essence,8231712784450,mono-eyeshadow-matte,mono eyeshadow matte,eye,eyeshadow_single,weight,https://essencemakeup.com/products/mono-eyeshadow-matte,9583440001,,,098_essence_mono-eyeshadow-matte,,,,,,,,,,,,,,,,,,,,,
52,1,99,Essence,7618356478018,choco-bomb-shiny-lipgloss,CHOCO BOMB shiny lipgloss,lip,lip_gloss,volume,https://essencemakeup.com/products/choco-bomb-shiny-lipgloss,9585160001,,,099_essence_choco-bomb-shiny-lipgloss,,,,,,,,,,,,,,,,,,,,,
53,1,102,Milani,7241261678768,gilded-eyeshadow-sticks,Gilded Eyeshadow Sticks,,eyeshadow_single,weight,https://www.milanicosmetics.com/products/gilded-eyeshadow-sticks,M0171000001|M0171100001|M0171200001|M0171300001|M0171400001|M0171500001|+6 more,,,102_milani_gilded-eyeshadow-sticks,,,,,,,,,,,,,,,,,,,,,
54,1,104,Milani,1594921255006,amore-satin-matte-lip-creme,Amore Satin Matte Lip Crème,,liquid_lipstick,volume,https://www.milanicosmetics.com/products/amore-satin-matte-lip-creme,MASM-01|MASM-02|MASM-07|MASM-09,,,104_milani_amore-satin-matte-lip-creme,,,,,,,,,,,,,,,,,,,,,
55,1,106,Milani,7965708910768,baked-blush-1,Baked Blush,,powder_blush,weight,https://www.milanicosmetics.com/products/baked-blush-1,L104001001|L104002001|L104003001|L104005001|L104016001|L104017001|+2 more,,,106_milani_baked-blush-1,,,,,,,,,,,,,,,,,,,,,
56,1,109,Milani,6662847299760,supercharged-lip-balm,Supercharged Lip Balm,,lipstick,weight,https://www.milanicosmetics.com/products/supercharged-lip-balm,LBA225-130,,,109_milani_supercharged-lip-balm,,,,,,,,,,,,,,,,,,,,,
57,1,110,Milani,7266762162352,copy-of-fruit-fetish-lip-oils-1,Fruit Fetish Lip Oils - Strawberry Melon,,lip_gloss,volume,https://www.milanicosmetics.com/products/copy-of-fruit-fetish-lip-oils-1,LOI175-120,,,110_milani_copy-of-fruit-fetish-lip-oils-1,,,,,,,,,,,,,,,,,,,,,
58,1,112,Milani,11809809807,stay-put-brow-pomade,Stay Put® Brow Color,,brow,form_dependent,https://www.milanicosmetics.com/products/stay-put-brow-pomade,MBRP-01|MBRP-02|MBRP-03|MBRP-04|MBRP-05,,,112_milani_stay-put-brow-pomade,,,,,,,,,,,,,,,,,,,,,
59,1,117,Milani,7965723263152,baked-bronzer-1,Baked Bronzer,,bronzer,weight,https://www.milanicosmetics.com/products/baked-bronzer-1,M067001001|M067002001|M067003001|M067004001,,,117_milani_baked-bronzer-1,,,,,,,,,,,,,,,,,,,,,
60,1,118,Milani,7749259493552,conceal-perfect-blur-out-skin-tint,Conceal + Perfect Blur Out Skin Tint,,foundation,volume,https://www.milanicosmetics.com/products/conceal-perfect-blur-out-skin-tint,M048001001|M048002001|M048003001|M048004001|M048005001|M048006001|+19 more,,,118_milani_conceal-perfect-blur-out-skin-tint,,,,,,,,,,,,,,,,,,,,,
61,1,121,Milani,11798771663,amore-matte-lip-creme,Amore Matte Lip Crème,,liquid_lipstick,volume,https://www.milanicosmetics.com/products/amore-matte-lip-creme,MALC-11,,,121_milani_amore-matte-lip-creme,,,,,,,,,,,,,,,,,,,,,
62,1,123,Milani,11809813711,rose-powder-blush,Rose Powder Blush,,powder_blush,weight,https://www.milanicosmetics.com/products/rose-powder-blush,MRB-01|MRB-05|MRB-08|MRB-11|FBL128-13,,,123_milani_rose-powder-blush,,,,,,,,,,,,,,,,,,,,,
63,1,126,Milani,11809811983,color-statement-lipstick,Color Statement Lipstick,,lipstick,weight,https://www.milanicosmetics.com/products/color-statement-lipstick,MLSN-03|MLSN-05|MLSN-07|MLSN-09|MLSN-11|MLSN-17|+9 more,,,126_milani_color-statement-lipstick,,,,,,,,,,,,,,,,,,,,,
64,1,127,Milani,8091229552816,highly-rated-diamond-lip-gloss-sca_clone_freegift,🎁 Highly Rated Diamond Lip Gloss (100% off),,lip_gloss,volume,https://www.milanicosmetics.com/products/highly-rated-diamond-lip-gloss-sca_clone_freegift,LGL184-100,,,127_milani_highly-rated-diamond-lip-gloss-sca_clone_freegift,,,,,,,,,,,,,,,,,,,,,
65,1,129,Milani,4343275257950,the-clear-brow,The Clear Brow,,brow,form_dependent,https://www.milanicosmetics.com/products/the-clear-brow,BBG194-110,,,129_milani_the-clear-brow,,,,,,,,,,,,,,,,,,,,,
66,1,133,Milani,1594921451614,silky-matte-bronzing-powder,Silky Matte Bronzing Powder,,bronzer,weight,https://www.milanicosmetics.com/products/silky-matte-bronzing-powder,MMBT-01|MMBT-02|MMBT-03,,,133_milani_silky-matte-bronzing-powder,,,,,,,,,,,,,,,,,,,,,
67,1,136,Milani,7219891273904,stay-put-liquid-lip,Stay Put Liquid Lip Longwear Lipstick,,liquid_lipstick,volume,https://www.milanicosmetics.com/products/stay-put-liquid-lip,M0061100001|M0061200001|M0061300001|M0061400001|M0061500001|M0061600001|+7 more,,,136_milani_stay-put-liquid-lip,,,,,,,,,,,,,,,,,,,,,
68,1,138,Milani,7691328553136,cheek-kiss-blush-glow,Cheek Kiss Blush + Glow,,powder_blush,weight,https://www.milanicosmetics.com/products/cheek-kiss-blush-glow,M023110001|M023120001|M023130001|M023140001|M023150001|M023160001,,,138_milani_cheek-kiss-blush-glow,,,,,,,,,,,,,,,,,,,,,
69,1,140,Milani,7057313497264,color-fetish-balm-lipstick-voyeur,Color Fetish Balm Lipstick - Voyeur,,lipstick,weight,https://www.milanicosmetics.com/products/color-fetish-balm-lipstick-voyeur,LLS176-160,,,140_milani_color-fetish-balm-lipstick-voyeur,,,,,,,,,,,,,,,,,,,,,
70,1,141,Milani,7266761408688,copy-of-fruit-fetish-lip-oils,Fruit Fetish Lip Oils - Passionfruit Coconut,,lip_gloss,volume,https://www.milanicosmetics.com/products/copy-of-fruit-fetish-lip-oils,LOI175-110,,,141_milani_copy-of-fruit-fetish-lip-oils,,,,,,,,,,,,,,,,,,,,,
71,1,143,Milani,4545713766494,weekend-brow-eyebrow-tint,Weekend Brow Eyebrow Tint,,brow,form_dependent,https://www.milanicosmetics.com/products/weekend-brow-eyebrow-tint,BLL206-120|BLL206-130|BLL206-140,,,143_milani_weekend-brow-eyebrow-tint,,,,,,,,,,,,,,,,,,,,,
72,1,145,Milani,7601847763120,conceal-perfect-sun-kissed-liquid-bronzing-drops,Conceal + Perfect Sun Kissed Liquid Bronzing Drops,,bronzer,weight,https://www.milanicosmetics.com/products/conceal-perfect-sun-kissed-liquid-bronzing-drops,M050110001|M050120001|M050130001,,,145_milani_conceal-perfect-sun-kissed-liquid-bronzing-drops,,,,,,,,,,,,,,,,,,,,,
73,1,149,Milani,55849058319,color-statement-matte-lipstick,Color Statement Matte Lipstick,,lipstick,weight,https://www.milanicosmetics.com/products/color-statement-matte-lipstick,MLSN-61|MLSN-65|MLSN-67|MLSN-69|MLSN-72|MLSN-74|+2 more,,,149_milani_color-statement-matte-lipstick,,,,,,,,,,,,,,,,,,,,,
74,1,150,Milani,6662799032496,highly-rated-diamond-lip-gloss,Highly Rated Diamond Lip Gloss,,lip_gloss,volume,https://www.milanicosmetics.com/products/highly-rated-diamond-lip-gloss,LGL184-100,,,150_milani_highly-rated-diamond-lip-gloss,,,,,,,,,,,,,,,,,,,,,
75,1,154,Physicians Formula,10034469470517,rose-all-play-eyeshadow-bouquet,Rosé All Play Eyeshadow Bouquet,Eye Shadows,eyeshadow_single,weight,https://www.physiciansformula.com/products/rose-all-play-eyeshadow-bouquet,1711516,Total Net Wt. / Poids Net Total: 13.7 g / 0.48 Oz.,primary,154_physicians_formula_rose-all-play-eyeshadow-bouquet,,,,,,,,,,,,,,,,,,,,,
76,1,159,Physicians Formula,10034454561077,magic-mosaicr-multi-colored-custom-pressed-powder-warm-beige-light-bronzer,Magic Mosaic® Multi-Colored Custom Pressed Powder | Warm Beige/Light Bronzer,Face Powder,bronzer,weight,https://www.physiciansformula.com/products/magic-mosaicr-multi-colored-custom-pressed-powder-warm-beige-light-bronzer,2459,,,159_physicians_formula_magic-mosaicr-multi-colored-custom-pressed-powder-warm-beige-light-bronzer,,,,,,,,,,,,,,,,,,,,,
77,1,160,Physicians Formula,10034485035317,murumuru-butter-lip-brazilian-berry,Butter Tinted Lip Conditioner  | Brazilian Berry,Lip Balms,lipstick,weight,https://www.physiciansformula.com/products/murumuru-butter-lip-brazilian-berry,1741099,,,160_physicians_formula_murumuru-butter-lip-brazilian-berry,,,,,,,,,,,,,,,,,,,,,
78,1,162,Physicians Formula,10034477531445,mineral-wear-diamond-lip-plumper-diamond-marquise,Mineral Wear® Diamond Lip Plumper | Diamond Marquise,Lip Gloss,lip_gloss,volume,https://www.physiciansformula.com/products/mineral-wear-diamond-lip-plumper-diamond-marquise,1711948,,,162_physicians_formula_mineral-wear-diamond-lip-plumper-diamond-marquise,,,,,,,,,,,,,,,,,,,,,
79,1,166,Physicians Formula,10034479923509,mineral-wear-diamond-melt-allic-bronze-brilliance,Mineral Wear Diamond Melt-allic | Bronze Brilliance,Eye Shadows,eyeshadow_single,weight,https://www.physiciansformula.com/products/mineral-wear-diamond-melt-allic-bronze-brilliance,1711945,,,166_physicians_formula_mineral-wear-diamond-melt-allic-bronze-brilliance,,,,,,,,,,,,,,,,,,,,,
80,1,171,Physicians Formula,10034479366453,matte-monoi-butter-blush,Matte Monoi Butter Blush,Blushes & Bronzers,bronzer,weight,https://www.physiciansformula.com/products/matte-monoi-butter-blush,1711951,,,171_physicians_formula_matte-monoi-butter-blush,,,,,,,,,,,,,,,,,,,,,
81,1,172,Physicians Formula,10034471698741,rose-kiss-all-day-velvet-lip-color-first-kiss,Rosé Kiss All Day Velvet Lip Color | First Kiss,Lipsticks,lipstick,weight,https://www.physiciansformula.com/products/rose-kiss-all-day-velvet-lip-color-first-kiss,1711509,,,172_physicians_formula_rose-kiss-all-day-velvet-lip-color-first-kiss,,,,,,,,,,,,,,,,,,,,,
82,1,174,Physicians Formula,10034470584629,rose-kiss-all-day-glossy-lip-color-xoxo,Rosé Kiss All Day Glossy Lip Color | Xoxo,Lip Gloss,lip_gloss,volume,https://www.physiciansformula.com/products/rose-kiss-all-day-glossy-lip-color-xoxo,1711507,,,174_physicians_formula_rose-kiss-all-day-glossy-lip-color-xoxo,,,,,,,,,,,,,,,,,,,,,
83,1,177,Physicians Formula,10034485428533,eye-booster-eye-lifter,Eye Booster™ Eye Lifter™,Eye Shadows,eyeshadow_single,weight,https://www.physiciansformula.com/products/eye-booster-eye-lifter,1741101,,,177_physicians_formula_eye-booster-eye-lifter,,,,,,,,,,,,,,,,,,,,,
84,1,180,Physicians Formula,10034482512181,butter-bronzer-contour-palette-2,Butter Bronzer Contour Palette | Contour 2,Blushes & Bronzers,bronzer,weight,https://www.physiciansformula.com/products/butter-bronzer-contour-palette-2,1712857,,,180_physicians_formula_butter-bronzer-contour-palette-2,,,,,,,,,,,,,,,,,,,,,
85,1,181,Physicians Formula,10034485133621,murumuru-butter-lip-beach-bronze,Butter Tinted Lip Conditioner | Beach Bronze,Lip Balms,lipstick,weight,https://www.physiciansformula.com/products/murumuru-butter-lip-beach-bronze,1741100,,,181_physicians_formula_murumuru-butter-lip-beach-bronze,,,,,,,,,,,,,,,,,,,,,
86,1,183,Physicians Formula,10034477596981,mineral-wear-diamond-lip-plumper-brilliant-berry-diamond,Mineral Wear® Diamond Lip Plumper | Brilliant Berry Diamond,Lip Gloss,lip_gloss,volume,https://www.physiciansformula.com/products/mineral-wear-diamond-lip-plumper-brilliant-berry-diamond,1712258,,,183_physicians_formula_mineral-wear-diamond-lip-plumper-brilliant-berry-diamond,,,,,,,,,,,,,,,,,,,,,
87,1,186,Physicians Formula,10034479399221,matte-monoi-butter-eyeshadow,Matte Monoi Butter Eyeshadow,Eye Shadows,eyeshadow_single,weight,https://www.physiciansformula.com/products/matte-monoi-butter-eyeshadow,1711941,,,186_physicians_formula_matte-monoi-butter-eyeshadow,,,,,,,,,,,,,,,,,,,,,
88,1,189,Physicians Formula,10034451579189,happy-booster-glow-and-mood-boosting-blush-natural,Happy Booster™ Glow & Mood Boosting Blush | Natural,Blushes & Bronzers,bronzer,weight,https://www.physiciansformula.com/products/happy-booster-glow-and-mood-boosting-blush-natural,7324,,,189_physicians_formula_happy-booster-glow-and-mood-boosting-blush-natural,,,,,,,,,,,,,,,,,,,,,
89,1,190,Physicians Formula,10034484937013,murumuru-butter-lip-pink-paradise,Butter Tinted Lip Conditioner | Pink Paradise,Lip Balms,lipstick,weight,https://www.physiciansformula.com/products/murumuru-butter-lip-pink-paradise,1741098,,,190_physicians_formula_murumuru-butter-lip-pink-paradise,,,,,,,,,,,,,,,,,,,,,
90,1,192,Physicians Formula,10034456133941,plump-potiontm-needle-free-lip-plumping-cocktail-pink-crystal-potion,Plump Potion™ Needle-Free Lip Plumping Cocktail,Lip Balms & Treatments,lip_gloss,volume,https://www.physiciansformula.com/products/plump-potiontm-needle-free-lip-plumping-cocktail-pink-crystal-potion,2214,,,192_physicians_formula_plump-potiontm-needle-free-lip-plumping-cocktail-pink-crystal-potion,,,,,,,,,,,,,,,,,,,,,
91,1,197,Physicians Formula,10034490933557,mineral-wear-diamond-dust-luminous-bronzer,Mineral Wear® Diamond Dust | Luminous Bronzer,Blushes & Bronzers,bronzer,weight,https://www.physiciansformula.com/products/mineral-wear-diamond-dust-luminous-bronzer,1713030,,,197_physicians_formula_mineral-wear-diamond-dust-luminous-bronzer,,,,,,,,,,,,,,,,,,,,,
92,1,198,Physicians Formula,10034483757365,mineral-wear-diamond-last-1,Mineral Wear® Diamond Last | Topaz Taupe,Lipsticks,lipstick,weight,https://www.physiciansformula.com/products/mineral-wear-diamond-last-1,1712799,,,198_physicians_formula_mineral-wear-diamond-last-1,,,,,,,,,,,,,,,,,,,,,
93,1,200,Physicians Formula,10034458034485,ph-matchmaker-ph-powered-lip-gloss,pH Matchmaker pH Powered Lip Gloss,Lip Gloss,lip_gloss,volume,https://www.physiciansformula.com/products/ph-matchmaker-ph-powered-lip-gloss,7598,,,200_physicians_formula_ph-matchmaker-ph-powered-lip-gloss,,,,,,,,,,,,,,,,,,,,,
94,1,201,Wet n Wild,10281060860178,ultimate-brow-brow-pen-medium-brown,Ultimate Brow Brow Pen | Medium Brown,Eyebrow Enhancers,brow,form_dependent,https://www.wetnwildbeauty.com/products/ultimate-brow-brow-pen-medium-brown,11340616,,,201_wet_n_wild_ultimate-brow-brow-pen-medium-brown,,,,,,,,,,,,,,,,,,,,,
95,1,205,Wet n Wild,10099442549010,color-icon-5-pan-palette-full-bloomin,Color Icon 5 Pan Eye & Face Palette | Full Bloomin',Eye Shadows,eyeshadow_single,weight,https://www.wetnwildbeauty.com/products/color-icon-5-pan-palette-full-bloomin,1116148,,,205_wet_n_wild_color-icon-5-pan-palette-full-bloomin,,,,,,,,,,,,,,,,,,,,,
96,1,206,Wet n Wild,10099297779986,megalast-liquid-catsuit-high-shine-lipstick-bad-girl-s-club,MegaLast Liquid Catsuit High-Shine Lipstick | Bad Girl's Club,Lipsticks,liquid_lipstick,volume,https://www.wetnwildbeauty.com/products/megalast-liquid-catsuit-high-shine-lipstick-bad-girl-s-club,968A,,,206_wet_n_wild_megalast-liquid-catsuit-high-shine-lipstick-bad-girl-s-club,,,,,,,,,,,,,,,,,,,,,
97,1,210,Wet n Wild,10281063547154,mega-inky-lip-color-desert-crush,Mega Inky Lip Color | Desert Crush,Lipsticks,lipstick,weight,https://www.wetnwildbeauty.com/products/mega-inky-lip-color-desert-crush,11620594,,,210_wet_n_wild_mega-inky-lip-color-desert-crush,,,,,,,,,,,,,,,,,,,,,
98,1,212,Wet n Wild,10300663431442,chameleon-chrome-lip-foil-heatwave-star,Chameleon Chrome Lip Foil | Heatwave Star,Lip Gloss,lip_gloss,volume,https://www.wetnwildbeauty.com/products/chameleon-chrome-lip-foil-heatwave-star,11620854,,,212_wet_n_wild_chameleon-chrome-lip-foil-heatwave-star,,,,,,,,,,,,,,,,,,,,,
99,1,214,Wet n Wild,10281052537106,mother-fluffer-cloud-bronzer-toasty-maple,Mother Fluffer Cloud Bronzer | Beige Please,Blushes & Bronzers,bronzer,weight,https://www.wetnwildbeauty.com/products/mother-fluffer-cloud-bronzer-toasty-maple,11430589,,,214_wet_n_wild_mother-fluffer-cloud-bronzer-toasty-maple,,,,,,,,,,,,,,,,,,,,,
100,1,215,Wet n Wild,10099435634962,breakup-proof-waterproof-liquid-eyeliner-brown,Breakup Proof Waterproof Liquid Eyeliner | Brown,Eyeliner,brow,form_dependent,https://www.wetnwildbeauty.com/products/breakup-proof-waterproof-liquid-eyeliner-brown,1116146,,,215_wet_n_wild_breakup-proof-waterproof-liquid-eyeliner-brown,,,,,,,,,,,,,,,,,,,,,
101,1,219,Wet n Wild,10099442385170,color-icon-5-pan-palette-gold-whip,Color Icon 5 Pan Eye & Face Palette | Gold Whip,Eye Shadows,eyeshadow_single,weight,https://www.wetnwildbeauty.com/products/color-icon-5-pan-palette-gold-whip,1116147,,,219_wet_n_wild_color-icon-5-pan-palette-gold-whip,,,,,,,,,,,,,,,,,,,,,
102,1,220,Wet n Wild,10099499761938,mega-glitter-shimmer-liquid-lipstick-pink-future,Mega Glitter Shimmer Liquid Lipstick | Pink Future,Lipsticks,liquid_lipstick,volume,https://www.wetnwildbeauty.com/products/mega-glitter-shimmer-liquid-lipstick-pink-future,11623002,,,220_wet_n_wild_mega-glitter-shimmer-liquid-lipstick-pink-future,,,,,,,,,,,,,,,,,,,,,
103,1,224,Wet n Wild,10099437732114,mega-glo-lip-cheek-color-berry-true,Mega Glo Lip & Cheek Color | Berry True,Lipsticks,lipstick,weight,https://www.wetnwildbeauty.com/products/mega-glo-lip-cheek-color-berry-true,1116095,,,224_wet_n_wild_mega-glo-lip-cheek-color-berry-true,,,,,,,,,,,,,,,,,,,,,
104,1,225,Wet n Wild,10099271762194,megaslickstm-lip-gloss-bronze-berry-megaslicks-lip-gloss,MegaSlicks™ Lip Gloss | Bronze Berry,Lip Gloss,lip_gloss,volume,https://www.wetnwildbeauty.com/products/megaslickstm-lip-gloss-bronze-berry-megaslicks-lip-gloss,554B,,,225_wet_n_wild_megaslickstm-lip-gloss-bronze-berry-megaslicks-lip-gloss,,,,,,,,,,,,,,,,,,,,,
105,1,227,Wet n Wild,10300624175378,mother-fluffer-cloud-bronzer-cool-brew,Mother Fluffer Cloud Bronzer | Cool Brew,Blushes & Bronzers,bronzer,weight,https://www.wetnwildbeauty.com/products/mother-fluffer-cloud-bronzer-cool-brew,11430841,,,227_wet_n_wild_mother-fluffer-cloud-bronzer-cool-brew,,,,,,,,,,,,,,,,,,,,,
106,1,228,Wet n Wild,10099338969362,brow-sessive-brow-pencil-taupe,Brow-Sessive Brow Pencil | Taupe,Eyebrow Enhancers,brow,form_dependent,https://www.wetnwildbeauty.com/products/brow-sessive-brow-pencil-taupe,1111888,,,228_wet_n_wild_brow-sessive-brow-pencil-taupe,,,,,,,,,,,,,,,,,,,,,
107,1,232,Wet n Wild,10281059516690,chameleon-chrome-eyeshadow-nebula-rush,Chameleon Chrome Eyeshadow | Nebula Rush,Eye Shadows,eyeshadow_single,weight,https://www.wetnwildbeauty.com/products/chameleon-chrome-eyeshadow-nebula-rush,11340609,,,232_wet_n_wild_chameleon-chrome-eyeshadow-nebula-rush,,,,,,,,,,,,,,,,,,,,,
108,1,233,Wet n Wild,10099500384530,mega-glitter-shimmer-liquid-lipstick-hear-me-out,Mega Glitter Shimmer Liquid Lipstick | Hear Me Out,Lipsticks,liquid_lipstick,volume,https://www.wetnwildbeauty.com/products/mega-glitter-shimmer-liquid-lipstick-hear-me-out,11623001,,,233_wet_n_wild_mega-glitter-shimmer-liquid-lipstick-hear-me-out,,,,,,,,,,,,,,,,,,,,,
109,1,235,Wet n Wild,10099442155794,soft-blur-matte-lipstick-little-red-rosette,Soft Blur Matte Lipstick | Little Red Rosette,Lipsticks,lipstick,weight,https://www.wetnwildbeauty.com/products/soft-blur-matte-lipstick-little-red-rosette,1116141,,,235_wet_n_wild_soft-blur-matte-lipstick-little-red-rosette,,,,,,,,,,,,,,,,,,,,,
110,1,236,Wet n Wild,10099271237906,megaslickstm-lip-gloss-that-s-my-jam-megaslicks-lip-gloss,MegaSlicks™ Lip Gloss | That's My Jam,Lip Gloss,lip_gloss,volume,https://www.wetnwildbeauty.com/products/megaslickstm-lip-gloss-that-s-my-jam-megaslicks-lip-gloss,549B,,,236_wet_n_wild_megaslickstm-lip-gloss-that-s-my-jam-megaslicks-lip-gloss,,,,,,,,,,,,,,,,,,,,,
111,1,238,Wet n Wild,10301860839698,mother-fluffer-cloud-blush-mauve-forever,Mother Fluffer Cloud Blush | Mauve Forever,Blushes & Bronzers,bronzer,weight,https://www.wetnwildbeauty.com/products/mother-fluffer-cloud-blush-mauve-forever,11450839,,,238_wet_n_wild_mother-fluffer-cloud-blush-mauve-forever,,,,,,,,,,,,,,,,,,,,,
112,1,239,Wet n Wild,10281062007058,ultimate-brow-brow-pen-dark-brown,Ultimate Brow Brow Pen | Dark Brown,Eyebrow Enhancers,brow,form_dependent,https://www.wetnwildbeauty.com/products/ultimate-brow-brow-pen-dark-brown,11340617,,,239_wet_n_wild_ultimate-brow-brow-pen-dark-brown,,,,,,,,,,,,,,,,,,,,,
113,1,242,Wet n Wild,10300632203538,chameleon-chrome-eyeshadow-foil-nova-beat,Chameleon Chrome Eyeshadow Foil | Nova Beat,Eye Shadows,eyeshadow_single,weight,https://www.wetnwildbeauty.com/products/chameleon-chrome-eyeshadow-foil-nova-beat,11340849,,,242_wet_n_wild_chameleon-chrome-eyeshadow-foil-nova-beat,,,,,,,,,,,,,,,,,,,,,
114,1,243,Wet n Wild,10099274907922,megalast-liquid-catsuit-matte-lipstick-give-me-mocha,MegaLast Liquid Catsuit Matte Lipstick | Give Me Mocha,Lipsticks,liquid_lipstick,volume,https://www.wetnwildbeauty.com/products/megalast-liquid-catsuit-matte-lipstick-give-me-mocha,925B,,,243_wet_n_wild_megalast-liquid-catsuit-matte-lipstick-give-me-mocha,,,,,,,,,,,,,,,,,,,,,
115,1,245,Wet n Wild,10099441205522,soft-blur-matte-lipstick-apricot-smoothie,Soft Blur Matte Lipstick | Apricot Smoothie,Lipsticks,lipstick,weight,https://www.wetnwildbeauty.com/products/soft-blur-matte-lipstick-apricot-smoothie,1116136,,,245_wet_n_wild_soft-blur-matte-lipstick-apricot-smoothie,,,,,,,,,,,,,,,,,,,,,
116,1,246,Wet n Wild,10099489571090,chameleon-chrome-lip-foil-celestial-dance,Chameleon Chrome Lip Foil | Celestial Dance,Lip Gloss,lip_gloss,volume,https://www.wetnwildbeauty.com/products/chameleon-chrome-lip-foil-celestial-dance,11623006,,,246_wet_n_wild_chameleon-chrome-lip-foil-celestial-dance,,,,,,,,,,,,,,,,,,,,,
117,1,248,Wet n Wild,10300626501906,mother-fluffer-cloud-bronzer-cocoa-crush,Mother Fluffer Cloud Bronzer | Cocoa Crush,Blushes & Bronzers,bronzer,weight,https://www.wetnwildbeauty.com/products/mother-fluffer-cloud-bronzer-cocoa-crush,11430842,,,248_wet_n_wild_mother-fluffer-cloud-bronzer-cocoa-crush,,,,,,,,,,,,,,,,,,,,,
118,1,249,Wet n Wild,10099338838290,brow-sessive-brow-pencil-dark-brown,Brow-Sessive Brow Pencil | Dark Brown,Eyebrow Enhancers,brow,form_dependent,https://www.wetnwildbeauty.com/products/brow-sessive-brow-pencil-dark-brown,1111886,,,249_wet_n_wild_brow-sessive-brow-pencil-dark-brown,,,,,,,,,,,,,,,,,,,,,
119,2,1,ColourPop,7287077503058,pallet-town-shadow-palette,Pallet Town,Shadow Palette,eyeshadow_palette,weight,https://colourpop.com/products/pallet-town-shadow-palette,EyePalette-PalletTown,TOTAL NET WT. 26.5g (0.95oz),amended,001_colourpop_pallet-town-shadow-palette,,,,,,,,,,,,,,,,,,,,,
120,2,6,ColourPop,7524458758226,high-demand-blush-stix,High Demand,Blush Stix,cream_blush,weight,https://colourpop.com/products/high-demand-blush-stix,BlushStix-HighDemand,,,006_colourpop_high-demand-blush-stix,,,,,,,,,,,,,,,,,,,,,
121,2,7,ColourPop,7525266063442,soft-shell-multichrome-highlighter,Soft Shell,Mega Highlighter,highlighter,form_dependent,https://colourpop.com/products/soft-shell-multichrome-highlighter,MultichromeHighlighter-SoftShell,,,007_colourpop_soft-shell-multichrome-highlighter,,,,,,,,,,,,,,,,,,,,,
122,2,12,ColourPop,7006835245138,aurora-stuck-shadow-palette,Aurora Struck,Shadow Palette,eyeshadow_palette,weight,https://colourpop.com/products/aurora-stuck-shadow-palette,EyePalette-AuroraStruck,,,012_colourpop_aurora-stuck-shadow-palette,,,,,,,,,,,,,,,,,,,,,
123,2,16,ColourPop,7524458233938,whimsy-blush-stix,Whimsy,Blush Stix,cream_blush,weight,https://colourpop.com/products/whimsy-blush-stix,BlushStix-Whimsy,,,016_colourpop_whimsy-blush-stix,,,,,,,,,,,,,,,,,,,,,
124,2,17,ColourPop,7494889930834,change-me-mega-highlighter,Change Me,Mega Highlighter,highlighter,form_dependent,https://colourpop.com/products/change-me-mega-highlighter,SSHighlighterCompact-ChangeMe,,,017_colourpop_change-me-mega-highlighter,,,,,,,,,,,,,,,,,,,,,
125,2,22,ColourPop,7587667935314,best-of-both-worlds-shadow-palette,Best of Both Worlds,Shadow Palette,eyeshadow_palette,weight,https://colourpop.com/products/best-of-both-worlds-shadow-palette,EyePalette-BestOfBothWorlds,,,022_colourpop_best-of-both-worlds-shadow-palette,,,,,,,,,,,,,,,,,,,,,
126,2,26,ColourPop,7524465115218,am-i-the-drama-blush-stix,Am I The Drama?,Blush Stix,cream_blush,weight,https://colourpop.com/products/am-i-the-drama-blush-stix,BlushStix-AmITheDrama?,,,026_colourpop_am-i-the-drama-blush-stix,,,,,,,,,,,,,,,,,,,,,
127,2,27,ColourPop,7525265997906,not-a-guppy-multichrome-highlighter,Not A Guppy,Mega Highlighter,highlighter,form_dependent,https://colourpop.com/products/not-a-guppy-multichrome-highlighter,MultichromeHighlighter-NotAGuppy,,,027_colourpop_not-a-guppy-multichrome-highlighter,,,,,,,,,,,,,,,,,,,,,
128,2,31,ColourPop,7524272570450,silver-lining-shadow-palette,Silver Lining,Shadow Palette,eyeshadow_palette,weight,https://colourpop.com/products/silver-lining-shadow-palette,EyePalette-SilverLining,,,031_colourpop_silver-lining-shadow-palette,,,,,,,,,,,,,,,,,,,,,
129,2,35,ColourPop,7554672361554,going-places,Going Places,Blush Stix,cream_blush,weight,https://colourpop.com/products/going-places,BlushStix-GoingPlaces,,,035_colourpop_going-places,,,,,,,,,,,,,,,,,,,,,
130,2,36,ColourPop,7569851613266,pink-aura-super-shock-highlighter,Pink Aura,Super Shock Highlighter,highlighter,form_dependent,https://colourpop.com/products/pink-aura-super-shock-highlighter,SSHighlighter-PinkAura,,,036_colourpop_pink-aura-super-shock-highlighter,,,,,,,,,,,,,,,,,,,,,
131,2,40,ColourPop,7593200615506,eeveelution-shadow-palette,Eeveelution,Shadow Palette,eyeshadow_palette,weight,https://colourpop.com/products/eeveelution-shadow-palette,EyePalette-Eeveelution,,,040_colourpop_eeveelution-shadow-palette,,,,,,,,,,,,,,,,,,,,,
132,2,44,ColourPop,6966140993618,mini-me-blush-stix,Mini Me,Blush Stix,cream_blush,weight,https://colourpop.com/products/mini-me-blush-stix,BlushStix-MiniMe_x,,,044_colourpop_mini-me-blush-stix,,,,,,,,,,,,,,,,,,,,,
133,2,45,ColourPop,7569851580498,platinum-aura-super-shock-highlighter,Platinum Aura,Super Shock Highlighter,highlighter,form_dependent,https://colourpop.com/products/platinum-aura-super-shock-highlighter,SSHighlighter-PlatinumAura,,,045_colourpop_platinum-aura-super-shock-highlighter,,,,,,,,,,,,,,,,,,,,,
134,2,49,ColourPop,7420858925138,a-shadow-of-secrets-shadow-palette,A Shadow of Secrets,Shadow Palette,eyeshadow_palette,weight,https://colourpop.com/products/a-shadow-of-secrets-shadow-palette,EyePalette-AShadowofSecrets,,,049_colourpop_a-shadow-of-secrets-shadow-palette,,,,,,,,,,,,,,,,,,,,,
135,2,51,Essence,7477329625154,jelly-grip-undereye-primer-stick,jelly GRIP undereye primer stick,eye,primer,volume,https://essencemakeup.com/products/jelly-grip-undereye-primer-stick,9490970001,,,051_essence_jelly-grip-undereye-primer-stick,,,,,,,,,,,,,,,,,,,,,
136,2,52,Essence,7386369491010,fix-last-keep-it-perfect-make-up-fixing-spray,fix & LAST keep it PERFECT MAKE-UP FIXING SPRAY,face,setting_spray,volume,https://essencemakeup.com/products/fix-last-keep-it-perfect-make-up-fixing-spray,9490450001,,,052_essence_fix-last-keep-it-perfect-make-up-fixing-spray,,,,,,,,,,,,,,,,,,,,,
137,2,54,Essence,8263664566338,banana-loose-powder,BANANA LOOSE POWDER,face,setting_powder,weight,https://essencemakeup.com/products/banana-loose-powder,9348310001,,,054_essence_banana-loose-powder,,,,,,,,,,,,,,,,,,,,,
138,2,55,Essence,7602105286722,the-nude-edition-eyeshadow-palette,the NUDE edition eyeshadow palette,eye,eyeshadow_palette,weight,https://essencemakeup.com/products/the-nude-edition-eyeshadow-palette,9245850001,,,055_essence_the-nude-edition-eyeshadow-palette,,,,,,,,,,,,,,,,,,,,,
139,2,56,Essence,7603940360258,all-about-soft-glow-fixing-compact-powder-waterproof,soft glow! fixing compact powder waterproof,face,pressed_powder,weight,https://essencemakeup.com/products/all-about-soft-glow-fixing-compact-powder-waterproof,9542500001,8 g/Net Wt. 0.28 oz.,primary,056_essence_all-about-soft-glow-fixing-compact-powder-waterproof,,,,,,,,,,,,,,,,,,,,,
140,2,57,Essence,8249312084034,the-game-edit-blurring-lip-pen,THE game EDIT blurring lip pen,lip,lip_liner,weight,https://essencemakeup.com/products/the-game-edit-blurring-lip-pen,9597520001,,,057_essence_the-game-edit-blurring-lip-pen,,,,,,,,,,,,,,,,,,,,,
141,2,58,Essence,7474058330178,drop-of-sunshine-highlighting-drops,DROP OF sunshine HIGHLIGHTING DROPS,face,highlighter,form_dependent,https://essencemakeup.com/products/drop-of-sunshine-highlighting-drops,9517010001,,,058_essence_drop-of-sunshine-highlighting-drops,,,,,,,,,,,,,,,,,,,,,
142,2,59,Essence,8269881802818,ciao-concealer-sponges,Ciao! concealer sponges,face,concealer,volume,https://essencemakeup.com/products/ciao-concealer-sponges,9622380001,,,059_essence_ciao-concealer-sponges,,,,,,,,,,,,,,,,,,,,,
143,2,66,Essence,6684689432642,double-trouble-mascara-extra-black,DOUBLE TROUBLE MASCARA,eye,mascara,volume,https://essencemakeup.com/products/double-trouble-mascara-extra-black,9337110001|9337150001,,,066_essence_double-trouble-mascara-extra-black,,,,,,,,,,,,,,,,,,,,,
144,2,68,Essence,7493656346690,juicy-bomb-party-jelly-blush,JUICY BOMB PARTY jelly blush,blush,cream_blush,weight,https://essencemakeup.com/products/juicy-bomb-party-jelly-blush,9522450001|9522490001,,,068_essence_juicy-bomb-party-jelly-blush,,,,,,,,,,,,,,,,,,,,,
145,2,69,Essence,7601280319554,jelly-grip-extreme-hydrating-primer,JELLY GRIP EXTREME HYDRATING PRIMER,primer,primer,volume,https://essencemakeup.com/products/jelly-grip-extreme-hydrating-primer,9589660001,,,069_essence_jelly-grip-extreme-hydrating-primer,,,,,,,,,,,,,,,,,,,,,
146,2,70,Essence,7397208260674,fix-last-18h-long-lasting-make-up-fixing-spray,fix & LAST 18h LONG-LASTING MAKE-UP FIXING SPRAY,face,setting_spray,volume,https://essencemakeup.com/products/fix-last-18h-long-lasting-make-up-fixing-spray,9490430001,,,070_essence_fix-last-18h-long-lasting-make-up-fixing-spray,,,,,,,,,,,,,,,,,,,,,
147,2,72,Essence,8222399037506,silky-blur-translucent-loose-setting-powder,silky BLUR TRANSLUCENT LOOSE SETTING POWDER,face,setting_powder,weight,https://essencemakeup.com/products/silky-blur-translucent-loose-setting-powder,9584510001,,,072_essence_silky-blur-translucent-loose-setting-powder,,,,,,,,,,,,,,,,,,,,,
148,2,73,Essence,8231756365890,the-grey-edition-mini-eyeshadow-palette,the GREY edition mini eyeshadow palette,eye,eyeshadow_palette,weight,https://essencemakeup.com/products/the-grey-edition-mini-eyeshadow-palette,9490640001,,,073_essence_the-grey-edition-mini-eyeshadow-palette,,,,,,,,,,,,,,,,,,,,,
149,2,74,Essence,1900499107906,all-about-matt-fixing-compact-powder,all about matt! fixing compact powder,face,pressed_powder,weight,https://essencemakeup.com/products/all-about-matt-fixing-compact-powder,7735540001,,,074_essence_all-about-matt-fixing-compact-powder,,,,,,,,,,,,,,,,,,,,,
150,2,75,Essence,6874362314818,8h-matte-comfort-lipliner,8H Matte Comfort Lipliner,lip,lip_liner,weight,https://essencemakeup.com/products/8h-matte-comfort-lipliner,9384190001|9384230001|9384270001|9384310001|9384350001|9384390001|+11 more,,,075_essence_8h-matte-comfort-lipliner,,,,,,,,,,,,,,,,,,,,,
151,2,76,Essence,7498806624322,polly-pocket-highlighter,Polly Pocket™ X essence highlighter,face,highlighter,form_dependent,https://essencemakeup.com/products/polly-pocket-highlighter,9539730001,,,076_essence_polly-pocket-highlighter,,,,,,,,,,,,,,,,,,,,,
152,2,77,Essence,7595235508290,silky-blur-hydrating-longwear-concealer,silky BLUR HYDRATING LONGWEAR CONCEALER,eye,concealer,volume,https://essencemakeup.com/products/silky-blur-hydrating-longwear-concealer,9541970001|9542010001|9541990001|9542110001|9542030001|9542050001|+14 more,,,077_essence_silky-blur-hydrating-longwear-concealer,,,,,,,,,,,,,,,,,,,,,
153,2,84,Essence,4595150848066,bye-bye-panda-eyes-smudge-proof-volumizing-and-defining-mascara,bye bye panda eyes! smudge-proof volumizing and defining mascara,eye,mascara,volume,https://essencemakeup.com/products/bye-bye-panda-eyes-smudge-proof-volumizing-and-defining-mascara,9246080100,,,084_essence_bye-bye-panda-eyes-smudge-proof-volumizing-and-defining-mascara,,,,,,,,,,,,,,,,,,,,,
154,2,86,Essence,8265549185090,soft-touch-mousse-blush,soft touch mousse blush,blush,cream_blush,weight,https://essencemakeup.com/products/soft-touch-mousse-blush,9516890100|9516910100|9516930100|9516950100,,,086_essence_soft-touch-mousse-blush,,,,,,,,,,,,,,,,,,,,,
155,2,87,Essence,7101360373826,jelly-grip-hydrating-primer,Jelly Grip Hydrating Primer,primer,primer,volume,https://essencemakeup.com/products/jelly-grip-hydrating-primer,9466240100,,,087_essence_jelly-grip-hydrating-primer,,,,,,,,,,,,,,,,,,,,,
156,2,88,Essence,7386358284354,fix-last-instant-matte-make-up-fixing-spray,fix & LAST instant MATTE MAKE-UP FIXING SPRAY,face,setting_spray,volume,https://essencemakeup.com/products/fix-last-instant-matte-make-up-fixing-spray,9490440001,,,088_essence_fix-last-instant-matte-make-up-fixing-spray,,,,,,,,,,,,,,,,,,,,,
157,2,90,Essence,8231421771842,the-peach-edition-mini-eyeshadow-palette,the PEACH edition mini eyeshadow palette,eye,eyeshadow_palette,weight,https://essencemakeup.com/products/the-peach-edition-mini-eyeshadow-palette,9491040001,,,090_essence_the-peach-edition-mini-eyeshadow-palette,,,,,,,,,,,,,,,,,,,,,
158,2,91,Essence,7043166994498,brighten-up-banana-powder-1,BRIGHTEN UP! banana powder,face,pressed_powder,weight,https://essencemakeup.com/products/brighten-up-banana-powder-1,9404720100,,,091_essence_brighten-up-banana-powder-1,,,,,,,,,,,,,,,,,,,,,
159,2,92,Essence,7603958808642,line-n-stain-tattoo-lip-liner,line n' STAIN! TATTOO LIP LINER,lips,lip_liner,weight,https://essencemakeup.com/products/line-n-stain-tattoo-lip-liner,9518500001|9518520001|9521430001,,,092_essence_line-n-stain-tattoo-lip-liner,,,,,,,,,,,,,,,,,,,,,
160,2,93,Essence,7476719321154,baby-got-holo-glow-highlighter-stick,BABY GOT HOLO GLOW highlighter stick,face,highlighter,form_dependent,https://essencemakeup.com/products/baby-got-holo-glow-highlighter-stick,9490310001,,,093_essence_baby-got-holo-glow-highlighter-stick,,,,,,,,,,,,,,,,,,,,,
161,2,94,Essence,7420245737538,correct-conceal-under-eye-brightening-concealer,CORRECT & CONCEAL under eye brightening concealer,face,concealer,volume,https://essencemakeup.com/products/correct-conceal-under-eye-brightening-concealer,9490340001|9498950001|9490350001|9498960001,,,094_essence_correct-conceal-under-eye-brightening-concealer,,,,,,,,,,,,,,,,,,,,,
162,2,100,Essence,8231676641346,what-the-length-extreme-lengthening-mascara-waterproof,what the length! extreme lengthening mascara waterproof,eye,mascara,volume,https://essencemakeup.com/products/what-the-length-extreme-lengthening-mascara-waterproof,9583220001,,,100_essence_what-the-length-extreme-lengthening-mascara-waterproof,,,,,,,,,,,,,,,,,,,,,
163,2,101,Milani,7614107189424,supercharged-highlighter-multistick,Supercharged Highlighter Multistick,,highlighter,form_dependent,https://www.milanicosmetics.com/products/supercharged-highlighter-multistick,FCS225-180,,,101_milani_supercharged-highlighter-multistick,,,,,,,,,,,,,,,,,,,,,
164,2,103,Milani,7599842197680,cheek-kiss-blush-stick-in-luminoso,Cheek Kiss Blush Stick in Luminoso,,cream_blush,weight,https://www.milanicosmetics.com/products/cheek-kiss-blush-stick-in-luminoso,M041110001,,,103_milani_cheek-kiss-blush-stick-in-luminoso,,,,,,,,,,,,,,,,,,,,,
165,2,105,Milani,6822005604528,highly-rated-anti-gravity-mascara,Highly Rated Anti-Gravity Mascara,,mascara,volume,https://www.milanicosmetics.com/products/highly-rated-anti-gravity-mascara,M0141100001|EMA108-115,,,105_milani_highly-rated-anti-gravity-mascara,,,,,,,,,,,,,,,,,,,,,
166,2,107,Milani,8036518592688,baked-blurring-finishing-powder,Baked Blurring Finishing Powder,,setting_powder,weight,https://www.milanicosmetics.com/products/baked-blurring-finishing-powder,M064100001|M064110001|M064120001|M064130001|M064140001|M064150001|+6 more,,,107_milani_baked-blurring-finishing-powder,,,,,,,,,,,,,,,,,,,,,
167,2,108,Milani,7236193484976,understatement-lipliner-nude-entrance,Understatement Lipliner - Nude Entrance,,lip_liner,weight,https://www.milanicosmetics.com/products/understatement-lipliner-nude-entrance,LML174-110,,,108_milani_understatement-lipliner-nude-entrance,,,,,,,,,,,,,,,,,,,,,
168,2,111,Milani,7701660074160,make-it-last-matte-matte-finish-charcoal-setting-spray-jumbo-size,Make It Last Matte - Matte Finish Charcoal Setting Spray Jumbo Size,,setting_spray,volume,https://www.milanicosmetics.com/products/make-it-last-matte-matte-finish-charcoal-setting-spray-jumbo-size,L151110001,,,111_milani_make-it-last-matte-matte-finish-charcoal-setting-spray-jumbo-size,,,,,,,,,,,,,,,,,,,,,
169,2,113,Milani,6030884470960,no-pore-zone-mattifying-primer,No Pore Zone Mattifying Primer,,primer,volume,https://www.milanicosmetics.com/products/no-pore-zone-mattifying-primer,FPR229-110,,,113_milani_no-pore-zone-mattifying-primer,,,,,,,,,,,,,,,,,,,,,
170,2,114,Milani,6965826093232,gilded-eyeshadow-palettes,Gilded Eyeshadow Palettes,,eyeshadow_palette,weight,https://www.milanicosmetics.com/products/gilded-eyeshadow-palettes,ESK185-140,,,114_milani_gilded-eyeshadow-palettes,,,,,,,,,,,,,,,,,,,,,
171,2,116,Milani,11809813135,conceal-perfect-2-in-1-foundation-concealer,Conceal + Perfect 2-In-1 Foundation + Concealer,,concealer,volume,https://www.milanicosmetics.com/products/conceal-perfect-2-in-1-foundation-concealer,MPCF-0A1|MPCF-0A2|MPCF-0A3|MPCF-00A|MPCF-00AA|MPCF-00B|+39 more,,,116_milani_conceal-perfect-2-in-1-foundation-concealer,,,,,,,,,,,,,,,,,,,,,
172,2,119,Milani,164238131215,conceal-perfect-shine-proof-powder,Conceal + Perfect Shine-Proof Powder,,pressed_powder,weight,https://www.milanicosmetics.com/products/conceal-perfect-shine-proof-powder,MMPP-01|MMPP-02|MMPP-03|MMPP-04|MMPP-05|MMPP-06,,,119_milani_conceal-perfect-shine-proof-powder,,,,,,,,,,,,,,,,,,,,,
173,2,120,Milani,7155256623280,conceal-perfect-liquid-highlighter,Conceal + Perfect Liquid Highlighter,,highlighter,form_dependent,https://www.milanicosmetics.com/products/conceal-perfect-liquid-highlighter,M0031100001|M0031200001|M0031300001|M0031400001,,,120_milani_conceal-perfect-liquid-highlighter,,,,,,,,,,,,,,,,,,,,,
174,2,122,Milani,7965432545456,highly-rated-fan-club-fanning-mascara-1,Highly Rated Fan Club Fanning Mascara,,mascara,volume,https://www.milanicosmetics.com/products/highly-rated-fan-club-fanning-mascara-1,M063110001|M063120001,,,122_milani_highly-rated-fan-club-fanning-mascara-1,,,,,,,,,,,,,,,,,,,,,
175,2,124,Milani,6675539722416,make-it-last-mattifying-setting-powder,Make It Last Mattifying Setting Powder,,setting_powder,weight,https://www.milanicosmetics.com/products/make-it-last-mattifying-setting-powder,FPW165-110,,,124_milani_make-it-last-mattifying-setting-powder,,,,,,,,,,,,,,,,,,,,,
176,2,125,Milani,7390351917232,copy-of-understatement-lipliner,Understatement Lipliner Desert Rose,,lip_liner,weight,https://www.milanicosmetics.com/products/copy-of-understatement-lipliner,LML174-140,,,125_milani_copy-of-understatement-lipliner,,,,,,,,,,,,,,,,,,,,,
177,2,128,Milani,8036507222192,make-it-last-microfine-mist-setting-spray,Make It Last Microfine Mist Setting Spray,,setting_spray,volume,https://www.milanicosmetics.com/products/make-it-last-microfine-mist-setting-spray,M072006001,,,128_milani_make-it-last-microfine-mist-setting-spray,,,,,,,,,,,,,,,,,,,,,
178,2,130,Milani,7694580220080,conceal-perfect-blur-out-smoothing-primer,Conceal + Perfect Blur Out Smoothing Primer,,primer,volume,https://www.milanicosmetics.com/products/conceal-perfect-blur-out-smoothing-primer,M049110001,,,130_milani_conceal-perfect-blur-out-smoothing-primer,,,,,,,,,,,,,,,,,,,,,
179,2,131,Milani,7241259385008,gilded-mini-eyeshadow-palettes,Gilded Mini Eyeshadow Palettes,,eyeshadow_palette,weight,https://www.milanicosmetics.com/products/gilded-mini-eyeshadow-palettes,M0051100001|M0051200001|M0051300001|M0051400001|M0051500001,,,131_milani_gilded-mini-eyeshadow-palettes,,,,,,,,,,,,,,,,,,,,,
180,2,132,Milani,1623311188062,conceal-perfect-longwear-concealer,Conceal + Perfect Longwear Concealer,,concealer,volume,https://www.milanicosmetics.com/products/conceal-perfect-longwear-concealer,MCPC-100|MCPC-105|MCPC-110|MCPC-115|MCPC-120|MCPC-125|+12 more,,,132_milani_conceal-perfect-longwear-concealer,,,,,,,,,,,,,,,,,,,,,
181,2,134,Milani,7241261908144,conceal-perfect-blur-out-powder,Conceal + Perfect Blur Out Powder,,pressed_powder,weight,https://www.milanicosmetics.com/products/conceal-perfect-blur-out-powder,M0100020001|M0101000001,,,134_milani_conceal-perfect-blur-out-powder,,,,,,,,,,,,,,,,,,,,,
182,2,135,Milani,71692255247,stellar-lights-holographic-face-palette,Stellar Lights Highlighter Palette - Rose Glow,,highlighter,form_dependent,https://www.milanicosmetics.com/products/stellar-lights-holographic-face-palette,MSLP-03,,,135_milani_stellar-lights-holographic-face-palette,,,,,,,,,,,,,,,,,,,,,
183,2,137,Milani,7233552810160,highly-rated-mascara,Highly Rated Mascara,,mascara,volume,https://www.milanicosmetics.com/products/highly-rated-mascara,MMC-111,,,137_milani_highly-rated-mascara,,,,,,,,,,,,,,,,,,,,,
184,2,139,Milani,11809814159,color-statement-lipliner,Color Statement Lipliner,,lip_liner,weight,https://www.milanicosmetics.com/products/color-statement-lipliner,MSLN-02|MSLN-03|MSLN-04|MSLN-05|MSLN-08|MSLN-09|+2 more,,,139_milani_color-statement-lipliner,,,,,,,,,,,,,,,,,,,,,
185,2,142,Milani,4294219956318,make-it-last-setting-spray-jumbo-size,Make It Last Original - Natural Finish Setting Spray Jumbo Size,,setting_spray,volume,https://www.milanicosmetics.com/products/make-it-last-setting-spray-jumbo-size,FSP165-01,,,142_milani_make-it-last-setting-spray-jumbo-size,,,,,,,,,,,,,,,,,,,,,
186,2,144,Milani,7088605921456,erase-base-blemish-control-primer,Erase Base Blemish Control Primer,,primer,volume,https://www.milanicosmetics.com/products/erase-base-blemish-control-primer,FPR229-160,,,144_milani_erase-base-blemish-control-primer,,,,,,,,,,,,,,,,,,,,,
187,2,146,Milani,10460022607,strobelight-instant-glow-powder,Strobelight Instant Glow Powder Highlighter,,highlighter,form_dependent,https://www.milanicosmetics.com/products/strobelight-instant-glow-powder,MSGR-01|MSGR-02|MSGR-03,,,146_milani_strobelight-instant-glow-powder,,,,,,,,,,,,,,,,,,,,,
188,2,147,Milani,7390394417328,highly-rated-anti-gravity-mascara-waterproof,Highly Rated Anti-Gravity Waterproof Mascara,,mascara,volume,https://www.milanicosmetics.com/products/highly-rated-anti-gravity-mascara-waterproof,M014120001,,,147_milani_highly-rated-anti-gravity-mascara-waterproof,,,,,,,,,,,,,,,,,,,,,
189,2,148,Milani,4343252320350,understatment-lipliners,Understatement Lipliner,,lip_liner,weight,https://www.milanicosmetics.com/products/understatment-lipliners,LML174-110|LML174-120|LML174-130|LML174-140|LML174-150|LML174-160|+6 more,,,148_milani_understatment-lipliners,,,,,,,,,,,,,,,,,,,,,
190,2,151,Physicians Formula,10034490966325,mineral-wear-diamond-perfector-color-correcting-primer,Mineral Wear® Diamond Perfector™ Color-Correcting Primer,Face Primers,primer,volume,https://www.physiciansformula.com/products/mineral-wear-diamond-perfector-color-correcting-primer,1741617,,,151_physicians_formula_mineral-wear-diamond-perfector-color-correcting-primer,,,,,,,,,,,,,,,,,,,,,
191,2,152,Physicians Formula,10034455347509,powder-paletter-multi-colored-face-powder-buff,Powder Palette® Multi-Colored Face Powder | Buff,Face Powder,pressed_powder,weight,https://www.physiciansformula.com/products/powder-paletter-multi-colored-face-powder-buff,2715,,,152_physicians_formula_powder-paletter-multi-colored-face-powder-buff,,,,,,,,,,,,,,,,,,,,,
192,2,153,Physicians Formula,10034476745013,butter-blowout-mascara-black,Butter Blowout Mascara,Mascaras,mascara,volume,https://www.physiciansformula.com/products/butter-blowout-mascara-black,1711769,,,153_physicians_formula_butter-blowout-mascara-black,,,,,,,,,,,,,,,,,,,,,
193,2,155,Physicians Formula,10034460786997,butter-highlighter-champagne,Murumuru Butter Highlighter | Champagne,Highlighters & Luminizers,highlighter,form_dependent,https://www.physiciansformula.com/products/butter-highlighter-champagne,PF10575,,,155_physicians_formula_butter-highlighter-champagne,,,,,,,,,,,,,,,,,,,,,
194,2,156,Physicians Formula,10034488148277,butter-glow-corrector-lavender,Butter Glow Corrector | Lavender,Foundations & Concealers,concealer,volume,https://www.physiciansformula.com/products/butter-glow-corrector-lavender,1741097,5.6 mL / 0.19 Fl. Oz.,primary,156_physicians_formula_butter-glow-corrector-lavender,,,,,,,,,,,,,,,,,,,,,
195,2,157,Physicians Formula,10034463277365,murumuru-butter-eyeshadow-palette-tropical-days,Murumuru Butter Eyeshadow Palette | Tropical Days,Eye Shadows,eyeshadow_palette,weight,https://www.physiciansformula.com/products/murumuru-butter-eyeshadow-palette-tropical-days,PF10961,,,157_physicians_formula_murumuru-butter-eyeshadow-palette-tropical-days,,,,,,,,,,,,,,,,,,,,,
196,2,158,Physicians Formula,10034463539509,rose-all-stay-illuminating-setting-spray,Rosé All Stay Illuminating Setting Spray,Makeup Finishing Sprays,setting_spray,volume,https://www.physiciansformula.com/products/rose-all-stay-illuminating-setting-spray,PF11043,,,158_physicians_formula_rose-all-stay-illuminating-setting-spray,,,,,,,,,,,,,,,,,,,,,
197,2,161,Physicians Formula,10034457182517,mineral-wear-talc-free-mineral-face-powder-translucent,Mineral Wear® Talc-Free Mineral Face Powder | Translucent,Face Powder,setting_powder,weight,https://www.physiciansformula.com/products/mineral-wear-talc-free-mineral-face-powder-translucent,3835,,,161_physicians_formula_mineral-wear-talc-free-mineral-face-powder-translucent,,,,,,,,,,,,,,,,,,,,,
198,2,163,Physicians Formula,10367036916021,bronze-booster-sun-grip-glow-activated-bronzing-primer,Bronze Booster™ Sun Grip Glow Activated Bronzing Primer,Self Tanner,primer,volume,https://www.physiciansformula.com/products/bronze-booster-sun-grip-glow-activated-bronzing-primer,17850089,,,163_physicians_formula_bronze-booster-sun-grip-glow-activated-bronzing-primer,,,,,,,,,,,,,,,,,,,,,
199,2,164,Physicians Formula,10034487296309,mineral-wear-diamond-dust-luminous-gleam,Mineral Wear® Diamond Dust | Luminous Gleam,Face Powder,pressed_powder,weight,https://www.physiciansformula.com/products/mineral-wear-diamond-dust-luminous-gleam,1741112,,,164_physicians_formula_mineral-wear-diamond-dust-luminous-gleam,,,,,,,,,,,,,,,,,,,,,
200,2,165,Physicians Formula,10034488246581,butter-bronzer-mascara,Butter Bronzer Mascara,Mascaras,mascara,volume,https://www.physiciansformula.com/products/butter-bronzer-mascara,1712960,,,165_physicians_formula_butter-bronzer-mascara,,,,,,,,,,,,,,,,,,,,,
201,2,167,Physicians Formula,10034458591541,powder-paletter-mineral-glow-pearls-light-bronze,Powder Palette® Mineral Glow Pearls | Bronze,Highlighters & Luminizers,highlighter,form_dependent,https://www.physiciansformula.com/products/powder-paletter-mineral-glow-pearls-light-bronze,7043,,,167_physicians_formula_powder-paletter-mineral-glow-pearls-light-bronze,,,,,,,,,,,,,,,,,,,,,
202,2,168,Physicians Formula,10366940840245,mineral-wear-r-diamond-perfector-illuminator-concealer-fair-to-light,Mineral Wear® Diamond Perfector Illuminator & Concealer- Fair-to-Light,Face Serums,concealer,volume,https://www.physiciansformula.com/products/mineral-wear-r-diamond-perfector-illuminator-concealer-fair-to-light,17410080,,,168_physicians_formula_mineral-wear-r-diamond-perfector-illuminator-concealer-fair-to-light,,,,,,,,,,,,,,,,,,,,,
203,2,169,Physicians Formula,10034463310133,murumuru-butter-eyeshadow-palette-sultry-nights,Murumuru Butter Eyeshadow Palette | Sultry Nights,Eye Shadows,eyeshadow_palette,weight,https://www.physiciansformula.com/products/murumuru-butter-eyeshadow-palette-sultry-nights,PF10962,,,169_physicians_formula_murumuru-butter-eyeshadow-palette-sultry-nights,,,,,,,,,,,,,,,,,,,,,
204,2,170,Physicians Formula,10034483659061,mineral-wear-diamond-setter,Mineral Wear® Diamond Setter™,Makeup Finishing Sprays,setting_spray,volume,https://www.physiciansformula.com/products/mineral-wear-diamond-setter,1712798,,,170_physicians_formula_mineral-wear-diamond-setter,,,,,,,,,,,,,,,,,,,,,
205,2,173,Physicians Formula,10034455609653,powder-paletter-multi-colored-face-powder-translucent,Powder Palette® Multi-Colored Face Powder | Translucent,Face Powder,setting_powder,weight,https://www.physiciansformula.com/products/powder-paletter-multi-colored-face-powder-translucent,1640,,,173_physicians_formula_powder-paletter-multi-colored-face-powder-translucent,,,,,,,,,,,,,,,,,,,,,
206,2,175,Physicians Formula,10034490835253,mineral-wear-diamond-dust-luminous-corrector,Mineral Wear® Diamond Dust | Luminous Corrector,Face Powder,pressed_powder,weight,https://www.physiciansformula.com/products/mineral-wear-diamond-dust-luminous-corrector,1713029,,,175_physicians_formula_mineral-wear-diamond-dust-luminous-corrector,,,,,,,,,,,,,,,,,,,,,
207,2,176,Physicians Formula,10034480349493,physicians-formula-mineral-wear-diamond-mascara-clear-diamond,Mineral Wear Diamond Mascara | Clear Diamond,Mascaras,mascara,volume,https://www.physiciansformula.com/products/physicians-formula-mineral-wear-diamond-mascara-clear-diamond,1711954,,,176_physicians_formula_physicians-formula-mineral-wear-diamond-mascara-clear-diamond,,,,,,,,,,,,,,,,,,,,,
208,2,178,Physicians Formula,10367019876661,butter-glow-go-contour-stick-medium-deep,Butter Glow & Go™ Contour Stick - Medium-Deep,Highlighters & Luminizers,highlighter,form_dependent,https://www.physiciansformula.com/products/butter-glow-go-contour-stick-medium-deep,17430075,,,178_physicians_formula_butter-glow-go-contour-stick-medium-deep,,,,,,,,,,,,,,,,,,,,,
209,2,179,Physicians Formula,10034432868661,gentle-coverr-yellow,Gentle Cover® | Yellow,Foundations & Concealers,concealer,volume,https://www.physiciansformula.com/products/gentle-coverr-yellow,PF837,,,179_physicians_formula_gentle-coverr-yellow,,,,,,,,,,,,,,,,,,,,,
210,2,182,Physicians Formula,10034456985909,mineral-wear-talc-free-mineral-airbrushing-pressed-powder-translucent,Mineral Wear® Talc-Free Mineral Airbrushing Pressed Powder | Translucent,Face Powder,setting_powder,weight,https://www.physiciansformula.com/products/mineral-wear-talc-free-mineral-airbrushing-pressed-powder-translucent,7586,,,182_physicians_formula_mineral-wear-talc-free-mineral-airbrushing-pressed-powder-translucent,,,,,,,,,,,,,,,,,,,,,
211,2,184,Physicians Formula,10034483626293,butter-glow-pressed-powder-2,Butter Glow Pressed Powder | Natural Glow,Face Powder,pressed_powder,weight,https://www.physiciansformula.com/products/butter-glow-pressed-powder-2,1712796,,,184_physicians_formula_butter-glow-pressed-powder-2,,,,,,,,,,,,,,,,,,,,,
212,2,185,Physicians Formula,10034467832117,2019-orgainc-wear-fake-out-mascara-black,Organic Wear Fake Out Mascara,Mascaras,mascara,volume,https://www.physiciansformula.com/products/2019-orgainc-wear-fake-out-mascara-black,1711313,,,185_physicians_formula_2019-orgainc-wear-fake-out-mascara-black,,,,,,,,,,,,,,,,,,,,,
213,2,187,Physicians Formula,10034481135925,murumuru-lets-toast-highlighter,Let's Toast Highlighter,Highlighters & Luminizers,highlighter,form_dependent,https://www.physiciansformula.com/products/murumuru-lets-toast-highlighter,1712358,,,187_physicians_formula_murumuru-lets-toast-highlighter,,,,,,,,,,,,,,,,,,,,,
214,2,188,Physicians Formula,10034475860277,butter-believe-it-foundation-concealer-medium-to-tan,Butter Believe It! Foundation + Concealer | Medium-to-Tan,Foundations & Concealers,concealer,volume,https://www.physiciansformula.com/products/butter-believe-it-foundation-concealer-medium-to-tan,1711760,,,188_physicians_formula_butter-believe-it-foundation-concealer-medium-to-tan,,,,,,,,,,,,,,,,,,,,,
215,2,191,Physicians Formula,10034463670581,physicians-formula-mineral-wear-loose-powder-translucent-light,Mineral Wear Loose Powder | Translucent Light,Face Powder,setting_powder,weight,https://www.physiciansformula.com/products/physicians-formula-mineral-wear-loose-powder-translucent-light,PF10948,,,191_physicians_formula_physicians-formula-mineral-wear-loose-powder-translucent-light,,,,,,,,,,,,,,,,,,,,,
216,2,193,Physicians Formula,10034457313589,mineral-wear-talc-free-mineral-pressed-face-powder-creamy-natural,Mineral Wear® Talc Free Mineral Pressed Face Powder | Creamy Natural,Face Powder,pressed_powder,weight,https://www.physiciansformula.com/products/mineral-wear-talc-free-mineral-pressed-face-powder-creamy-natural,2413,,,193_physicians_formula_mineral-wear-talc-free-mineral-pressed-face-powder-creamy-natural,,,,,,,,,,,,,,,,,,,,,
217,2,194,Physicians Formula,10034467766581,2019-organic-wear-natural-origin-mascara-black,Organic Wear Natural Origin Mascara,Mascaras,mascara,volume,https://www.physiciansformula.com/products/2019-organic-wear-natural-origin-mascara-black,1711311,,,194_physicians_formula_2019-organic-wear-natural-origin-mascara-black,,,,,,,,,,,,,,,,,,,,,
218,2,195,Physicians Formula,10034457706805,bronze-booster-highlight-contour-palette-shimmer-glow-palette,Bronze Booster Highlight & Contour Palette | Shimmer Strobing,Highlighters & Luminizers,highlighter,form_dependent,https://www.physiciansformula.com/products/bronze-booster-highlight-contour-palette-shimmer-glow-palette,6809,,,195_physicians_formula_bronze-booster-highlight-contour-palette-shimmer-glow-palette,,,,,,,,,,,,,,,,,,,,,
219,2,196,Physicians Formula,10034483265845,butter-glow-concealer-3,Butter Glow Concealer | Medium-to-Tan,Foundations & Concealers,concealer,volume,https://www.physiciansformula.com/products/butter-glow-concealer-3,1712794,,,196_physicians_formula_butter-glow-concealer-3,,,,,,,,,,,,,,,,,,,,,
220,2,199,Physicians Formula,10034463768885,mineral-wear-loose-powder-creamy-natural,Mineral Wear Loose Powder | Creamy Natural,Face Powder,setting_powder,weight,https://www.physiciansformula.com/products/mineral-wear-loose-powder-creamy-natural,PF10949,,,199_physicians_formula_mineral-wear-loose-powder-creamy-natural,,,,,,,,,,,,,,,,,,,,,
221,2,202,Wet n Wild,10300629483794,chameleon-chrome-all-over-glitter-mist-milkier-way,Chameleon Chrome All Over Glitter Mist | Milkier Way,Makeup Finishing Sprays,setting_spray,volume,https://www.wetnwildbeauty.com/products/chameleon-chrome-all-over-glitter-mist-milkier-way,11850845,65 mL / 2.2 FL. OZ.,primary,202_wet_n_wild_chameleon-chrome-all-over-glitter-mist-milkier-way,,,,,,,,,,,,,,,,,,,,,
222,2,203,Wet n Wild,10099446317330,bare-focus-niacinamide-skin-tint-fair-light-beige,Bare Focus Niacinamide Skin Tint | Fair Light Beige,Foundations & Concealers,concealer,volume,https://www.wetnwildbeauty.com/products/bare-focus-niacinamide-skin-tint-fair-light-beige,1116088,32 mL / 1.08 FL. OZ.,primary,203_wet_n_wild_bare-focus-niacinamide-skin-tint-fair-light-beige,,,,,,,,,,,,,,,,,,,,,
223,2,204,Wet n Wild,10099389333778,breakup-proof-waterproof-retractable-gel-eyeliner-charcoal,Breakup Proof Waterproof Retractable Gel Eyeliner | Charcoal,Eye Primers,primer,volume,https://www.wetnwildbeauty.com/products/breakup-proof-waterproof-retractable-gel-eyeliner-charcoal,1115501,NET WT / POIDS NET 0.23 g / 0.008 OZ.,primary,204_wet_n_wild_breakup-proof-waterproof-retractable-gel-eyeliner-charcoal,,,,,,,,,,,,,,,,,,,,,
224,2,207,Wet n Wild,10099340673298,big-poppa-mascara,Big Poppa Mascara,Mascaras,mascara,volume,https://www.wetnwildbeauty.com/products/big-poppa-mascara,1111875,,,207_wet_n_wild_big-poppa-mascara,,,,,,,,,,,,,,,,,,,,,
225,2,208,Wet n Wild,10099275497746,perfect-pout-gel-lip-liner-bare-to-comment,Perfect Pout Gel Lip Liner | Bare To Comment,Lip Liners,lip_liner,weight,https://www.wetnwildbeauty.com/products/perfect-pout-gel-lip-liner-bare-to-comment,651B,,,208_wet_n_wild_perfect-pout-gel-lip-liner-bare-to-comment,,,,,,,,,,,,,,,,,,,,,
226,2,209,Wet n Wild,10099500187922,photo-focus-loose-setting-powder-soft-pink,Photo Focus Loose Setting Powder | Soft Pink,Face Powder,setting_powder,weight,https://www.wetnwildbeauty.com/products/photo-focus-loose-setting-powder-soft-pink,1116513,,,209_wet_n_wild_photo-focus-loose-setting-powder-soft-pink,,,,,,,,,,,,,,,,,,,,,
227,2,211,Wet n Wild,10099502186770,powder-puff,Powder Puff,Makeup Sponges,pressed_powder,weight,https://www.wetnwildbeauty.com/products/powder-puff,1116708,,,211_wet_n_wild_powder-puff,,,,,,,,,,,,,,,,,,,,,
228,2,213,Wet n Wild,10099490259218,chrome-highlighter-venus-swing,Chameleon Chrome Highlighter | Venus Swing,Highlighters & Luminizers,highlighter,form_dependent,https://www.wetnwildbeauty.com/products/chrome-highlighter-venus-swing,11432054,,,213_wet_n_wild_chrome-highlighter-venus-swing,,,,,,,,,,,,,,,,,,,,,
229,2,216,Wet n Wild,10099284410642,photo-focus-matte-setting-spray-matte-appeal,Photo Focus Matte Setting Spray | Matte Appeal,Makeup Finishing Sprays,setting_spray,volume,https://www.wetnwildbeauty.com/products/photo-focus-matte-setting-spray-matte-appeal,772,,,216_wet_n_wild_photo-focus-matte-setting-spray-matte-appeal,,,,,,,,,,,,,,,,,,,,,
230,2,217,Wet n Wild,10099433734418,bare-focus-niacinamide-skin-tint-deep,Bare Focus Niacinamide Skin Tint | Deep,Foundations & Concealers,concealer,volume,https://www.wetnwildbeauty.com/products/bare-focus-niacinamide-skin-tint-deep,1116325,,,217_wet_n_wild_bare-focus-niacinamide-skin-tint-deep,,,,,,,,,,,,,,,,,,,,,
231,2,218,Wet n Wild,10099263832338,photo-focus-matte-face-primer-partners-in-prime,Photo Focus Matte Face Primer,Face Primers,primer,volume,https://www.wetnwildbeauty.com/products/photo-focus-matte-face-primer-partners-in-prime,850,,,218_wet_n_wild_photo-focus-matte-face-primer-partners-in-prime,,,,,,,,,,,,,,,,,,,,,
232,2,221,Wet n Wild,10099440025874,so-defined-volumizing-defining-mascara,So Defined Volumizing + Defining Mascara,Mascaras,mascara,volume,https://www.wetnwildbeauty.com/products/so-defined-volumizing-defining-mascara,1116145,,,221_wet_n_wild_so-defined-volumizing-defining-mascara,,,,,,,,,,,,,,,,,,,,,
233,2,222,Wet n Wild,10293980201234,color-icon-lipliner-pencil-brandy-wine-copy,Color Icon Lipliner Pencil | Brandy Wine,Lip Liners,lip_liner,weight,https://www.wetnwildbeauty.com/products/color-icon-lipliner-pencil-brandy-wine-copy,666,,,222_wet_n_wild_color-icon-lipliner-pencil-brandy-wine-copy,,,,,,,,,,,,,,,,,,,,,
234,2,223,Wet n Wild,10099361218834,bare-focus-clarifying-finishing-powder-medium-tan,Bare Focus Clarifying Finishing Powder | Medium-Tan,Face Powder,setting_powder,weight,https://www.wetnwildbeauty.com/products/bare-focus-clarifying-finishing-powder-medium-tan,1114481,,,223_wet_n_wild_bare-focus-clarifying-finishing-powder-medium-tan,,,,,,,,,,,,,,,,,,,,,
235,2,226,Wet n Wild,10099282739474,megaglo-makeup-stick-you-re-a-natural,MegaGlo Vitamin E Makeup Stick | You're A Natural,Highlighters & Luminizers,highlighter,form_dependent,https://www.wetnwildbeauty.com/products/megaglo-makeup-stick-you-re-a-natural,809,,,226_wet_n_wild_megaglo-makeup-stick-you-re-a-natural,,,,,,,,,,,,,,,,,,,,,
236,2,229,Wet n Wild,10099443728658,photo-focus-natural-finish-setting-mist,Photo Focus Natural Finish Setting Mist,Makeup Finishing Sprays,setting_spray,volume,https://www.wetnwildbeauty.com/products/photo-focus-natural-finish-setting-mist,1116100,,,229_wet_n_wild_photo-focus-natural-finish-setting-mist,,,,,,,,,,,,,,,,,,,,,
237,2,230,Wet n Wild,10099434291474,bare-focus-niacinamide-skin-tint-deep-tan,Bare Focus Niacinamide Skin Tint | Deep Tan,Foundations & Concealers,concealer,volume,https://www.wetnwildbeauty.com/products/bare-focus-niacinamide-skin-tint-deep-tan,1116326,,,230_wet_n_wild_bare-focus-niacinamide-skin-tint-deep-tan,,,,,,,,,,,,,,,,,,,,,
238,2,231,Wet n Wild,10099437109522,impossible-primer-stick,Impossible Primer Stick,Face Primers,primer,volume,https://www.wetnwildbeauty.com/products/impossible-primer-stick,1116103,,,231_wet_n_wild_impossible-primer-stick,,,,,,,,,,,,,,,,,,,,,
239,2,234,Wet n Wild,10099258884370,color-icon-lipliner-plumberry,Color Icon Lipliner | Plumberry,Lip Liners,lip_liner,weight,https://www.wetnwildbeauty.com/products/color-icon-lipliner-plumberry,715,,,234_wet_n_wild_color-icon-lipliner-plumberry,,,,,,,,,,,,,,,,,,,,,
240,2,237,Wet n Wild,10099273171218,megaglo-highlighting-powder-bloom-time,MegaGlo Highlighting Powder | Bloom Time,Highlighters & Luminizers,highlighter,form_dependent,https://www.wetnwildbeauty.com/products/megaglo-highlighting-powder-bloom-time,335A,,,237_wet_n_wild_megaglo-highlighting-powder-bloom-time,,,,,,,,,,,,,,,,,,,,,
241,2,240,Wet n Wild,10183565213970,kelp-shake-dual-phase-setting-mist,KELP SHAKE DUAL PHASE SETTING MIST,Makeup Finishing Sprays,setting_spray,volume,https://www.wetnwildbeauty.com/products/kelp-shake-dual-phase-setting-mist,11460435,,,240_wet_n_wild_kelp-shake-dual-phase-setting-mist,,,,,,,,,,,,,,,,,,,,,
242,2,241,Wet n Wild,10099439567122,photo-focus-care-color-corrector-white,Photo Focus Care Color Corrector | White,Foundations & Concealers,concealer,volume,https://www.wetnwildbeauty.com/products/photo-focus-care-color-corrector-white,1116104,,,241_wet_n_wild_photo-focus-care-color-corrector-white,,,,,,,,,,,,,,,,,,,,,
243,2,244,Wet n Wild,10301816865042,perfect-pout-lip-liner-stain-pretty-in-nude,Perfect Pout Lip Liner Stain | Pretty in Nude,Lip Liners,lip_liner,weight,https://www.wetnwildbeauty.com/products/perfect-pout-lip-liner-stain-pretty-in-nude,11650855,,,244_wet_n_wild_perfect-pout-lip-liner-stain-pretty-in-nude,,,,,,,,,,,,,,,,,,,,,
244,2,247,Wet n Wild,10281056731410,chameleon-chrome-highlighter-aurora-glaze,Chameleon Chrome Highlighter | Aurora Glaze,Highlighters,highlighter,form_dependent,https://www.wetnwildbeauty.com/products/chameleon-chrome-highlighter-aurora-glaze,11430591,,,247_wet_n_wild_chameleon-chrome-highlighter-aurora-glaze,,,,,,,,,,,,,,,,,,,,,
245,2,250,Wet n Wild,10099443532050,photo-focus-matte-finish-setting-mist,Photo Focus Matte Finish Setting Mist,Makeup Finishing Sprays,setting_spray,volume,https://www.wetnwildbeauty.com/products/photo-focus-matte-finish-setting-mist,1116099,,,250_wet_n_wild_photo-focus-matte-finish-setting-mist,,,,,,,,,,,,,,,,,,,,,
246,3,10,ColourPop,7569851646034,prettiest-pink-liquid-blush,Prettiest Pink,Liquid Blush,liquid_blush,volume,https://colourpop.com/products/prettiest-pink-liquid-blush,LiquidBlush-PrettiestPink,,,010_colourpop_prettiest-pink-liquid-blush,,,,,,,,,,,,,,,,,,,,,
247,3,20,ColourPop,7569851678802,like-a-doll-liquid-blush,Like A Doll,Liquid Blush,liquid_blush,volume,https://colourpop.com/products/like-a-doll-liquid-blush,LiquidBlush-LikeADoll,,,020_colourpop_like-a-doll-liquid-blush,,,,,,,,,,,,,,,,,,,,,
248,3,67,Essence,7498344988738,aloha-babes-liquid-blush,"aloha, babes! liquid blush",blush,liquid_blush,volume,https://essencemakeup.com/products/aloha-babes-liquid-blush,9541770001,,,067_essence_aloha-babes-liquid-blush,,,,,,,,,,,,,,,,,,,,,
249,3,85,Essence,7254168272962,baby-got-blush-liquid-blush,BABY GOT BLUSH liquid blush,face,liquid_blush,volume,https://essencemakeup.com/products/baby-got-blush-liquid-blush,9447350100|9447370001|9447390001|9446550001,,,085_essence_baby-got-blush-liquid-blush,,,,,,,,,,,,,,,,,,,,,
250,3,115,Milani,4343175708766,cheek-kiss-liquid-blush,Cheek Kiss Liquid Blush,,liquid_blush,volume,https://www.milanicosmetics.com/products/cheek-kiss-liquid-blush,FBW169-110|FBW169-120|FBW169-130|FBW169-140|FBW169-150|FBW169-160,,,115_milani_cheek-kiss-liquid-blush,,,,,,,,,,,,,,,,,,,,,
